community_area,n
0,2672
1,124702
10,35392
11,32076
12,14965
13,27451
14,72491
15,101873
16,89561
17,49817
18,19392
19,146839
2,104079
20,47911
21,74295
22,165630
23,247148
24,236347
25,491051
26,148123
27,147657
28,253575
29,232587
3,120226
30,134525
31,80643
32,207829
33,64425
34,31212
35,90036
36,19505
37,26204
38,111900
39,48735
4,58233
40,84418
41,54775
42,127817
43,265468
44,177538
45,40557
46,145698
47,11751
48,43920
49,209846
5,46980
50,32875
51,53805
52,40206
53,129236
54,36433
55,18556
56,66512
57,29466
58,76635
59,32547
6,167067
60,51513
61,158118
62,30953
63,73548
64,32303
65,59043
66,191818
67,220736
68,204250
69,200321
7,125398
70,72687
71,225253
72,29446
73,95443
74,17940
75,63776
76,49178
77,82923
8,291244
9,8042
