dow,hora,n
0,0,81017
5,1,35685
3,4,15613
4,15,68987
5,19,72626
3,11,57021
2,5,15106
6,11,52022
2,13,61291
3,15,69629
6,6,19085
5,4,18032
0,14,51753
6,1,53076
1,21,64370
5,9,57546
1,19,69149
0,20,64647
0,2,51350
6,18,62996
6,21,66503
2,11,57032
1,12,72649
2,23,49936
4,2,26677
1,9,57329
6,7,22051
0,5,24041
6,13,54462
0,13,49163
3,22,63038
1,8,46498
5,6,20688
1,6,20426
5,16,67097
2,7,32241
6,17,59574
1,3,22024
0,1,55940
0,23,52035
2,22,63063
2,1,31640
0,19,63435
5,11,58025
1,16,63269
5,12,75517
0,3,45268
6,5,20789
1,22,61391
3,2,25285
5,3,23532
0,10,43490
5,23,64166
5,0,70950
6,14,57060
4,6,20753
3,21,66386
6,0,80137
1,18,68307
2,15,68639
6,15,59764
0,17,57247
4,13,60507
4,17,64334
2,4,15800
4,11,57044
0,7,19957
2,10,54614
0,11,46585
4,5,15266
0,21,63368
2,2,25011
5,8,45843
0,22,62609
0,18,60712
5,17,68470
6,12,66174
1,0,72619
6,19,65396
1,20,67045
4,22,62793
6,2,47988
6,22,69433
3,14,65954
1,15,66746
4,16,64262
2,16,65034
3,20,70217
6,8,31903
3,3,19927
1,14,62496
1,5,16091
3,6,20942
2,3,19712
3,8,47396
5,20,71447
1,23,49030
4,10,54599
4,8,46880
5,5,16378
3,7,31869
0,16,55400
0,15,55114
3,16,65143
3,9,58084
4,4,16497
6,10,49108
4,20,68495
3,17,65971
2,19,71297
4,3,21317
2,18,69187
4,12,73645
6,9,45144
4,9,57227
6,3,39171
3,10,55037
6,4,29234
6,20,66933
2,0,67670
1,11,55320
0,4,33805
0,12,58936
2,14,65298
3,18,70135
2,17,65667
1,2,27840
2,8,46916
5,13,61376
5,15,71946
1,1,34595
0,9,39506
5,22,72075
4,14,64897
2,12,74063
5,21,70594
2,20,70232
6,23,64383
5,7,31031
3,0,68199
1,17,64462
1,7,31142
6,16,58556
2,6,20543
1,13,59087
5,14,66113
4,23,51393
3,23,50115
4,18,67649
4,21,65137
4,1,32774
0,6,19258
5,2,29470
1,10,54256
1,4,17362
5,18,72035
5,10,55914
3,13,62484
4,0,67609
3,1,31825
4,7,31579
4,19,69277
3,19,71434
2,9,57561
0,8,27684
3,5,15151
2,21,66394
3,12,75145
