location_description,n
STREET,2262191
RESIDENCE,1410734
APARTMENT,1045529
SIDEWALK,773305
OTHER,269962
PARKING LOT/GARAGE(NON.RESID.),202910
ALLEY,192137
SMALL RETAIL STORE,176960
RESTAURANT,146387
"SCHOOL, PUBLIC, BUILDING",146364
VEHICLE NON-COMMERCIAL,136978
RESIDENCE-GARAGE,134764
RESIDENCE PORCH/HALLWAY,124145
DEPARTMENT STORE,116638
GROCERY FOOD STORE,107487
GAS STATION,96785
RESIDENTIAL YARD (FRONT/BACK),75127
COMMERCIAL / BUSINESS OFFICE,72848
PARK PROPERTY,65300
CHA PARKING LOT/GROUNDS,56091
PARKING LOT / GARAGE (NON RESIDENTIAL),54005
BAR OR TAVERN,48985
CTA PLATFORM,42000
DRUG STORE,41161
CHA APARTMENT,41116
CTA TRAIN,35869
BANK,33783
"SCHOOL, PUBLIC, GROUNDS",30247
HOTEL/MOTEL,29718
CONVENIENCE STORE,29476
