primary_type,mes,n
ARSON,1,1038
ARSON,2,902
ARSON,3,1219
ARSON,4,1207
ARSON,5,1362
ARSON,6,1364
ARSON,7,1468
ARSON,8,1298
ARSON,9,1252
ARSON,10,1228
ARSON,11,1123
ARSON,12,1030
ASSAULT,1,39799
ASSAULT,2,38082
ASSAULT,3,47119
ASSAULT,4,47748
ASSAULT,5,54743
ASSAULT,6,53366
ASSAULT,7,54129
ASSAULT,8,52589
ASSAULT,9,51592
ASSAULT,10,48955
ASSAULT,11,41547
ASSAULT,12,39225
BATTERY,1,110860
BATTERY,2,102933
BATTERY,3,128570
BATTERY,4,129462
BATTERY,5,147896
BATTERY,6,148186
BATTERY,7,149224
BATTERY,8,140685
BATTERY,9,134321
BATTERY,10,130286
BATTERY,11,113331
BATTERY,12,108549
BURGLARY,1,34516
BURGLARY,2,27263
BURGLARY,3,31836
BURGLARY,4,33284
BURGLARY,5,38182
BURGLARY,6,38068
BURGLARY,7,41631
BURGLARY,8,42965
BURGLARY,9,40866
BURGLARY,10,42110
BURGLARY,11,39292
BURGLARY,12,37911
CONCEALED CARRY LICENSE VIOLATION,1,122
CONCEALED CARRY LICENSE VIOLATION,2,117
CONCEALED CARRY LICENSE VIOLATION,3,142
CONCEALED CARRY LICENSE VIOLATION,4,130
CONCEALED CARRY LICENSE VIOLATION,5,145
CONCEALED CARRY LICENSE VIOLATION,6,162
CONCEALED CARRY LICENSE VIOLATION,7,167
CONCEALED CARRY LICENSE VIOLATION,8,154
CONCEALED CARRY LICENSE VIOLATION,9,168
CONCEALED CARRY LICENSE VIOLATION,10,153
CONCEALED CARRY LICENSE VIOLATION,11,121
CONCEALED CARRY LICENSE VIOLATION,12,117
CRIMINAL DAMAGE,1,68864
CRIMINAL DAMAGE,2,61091
CRIMINAL DAMAGE,3,78835
CRIMINAL DAMAGE,4,82046
CRIMINAL DAMAGE,5,86860
CRIMINAL DAMAGE,6,86619
CRIMINAL DAMAGE,7,91549
CRIMINAL DAMAGE,8,89436
CRIMINAL DAMAGE,9,82809
CRIMINAL DAMAGE,10,87617
CRIMINAL DAMAGE,11,78384
CRIMINAL DAMAGE,12,69743
CRIMINAL SEXUAL ASSAULT,1,1149
CRIMINAL SEXUAL ASSAULT,2,878
CRIMINAL SEXUAL ASSAULT,3,995
CRIMINAL SEXUAL ASSAULT,4,925
CRIMINAL SEXUAL ASSAULT,5,1085
CRIMINAL SEXUAL ASSAULT,6,1218
CRIMINAL SEXUAL ASSAULT,7,1211
CRIMINAL SEXUAL ASSAULT,8,1244
CRIMINAL SEXUAL ASSAULT,9,1101
CRIMINAL SEXUAL ASSAULT,10,1098
CRIMINAL SEXUAL ASSAULT,11,1014
CRIMINAL SEXUAL ASSAULT,12,955
CRIMINAL TRESPASS,1,19650
CRIMINAL TRESPASS,2,17831
CRIMINAL TRESPASS,3,20054
CRIMINAL TRESPASS,4,18914
CRIMINAL TRESPASS,5,19591
CRIMINAL TRESPASS,6,18655
CRIMINAL TRESPASS,7,19377
CRIMINAL TRESPASS,8,19888
CRIMINAL TRESPASS,9,19153
CRIMINAL TRESPASS,10,19711
CRIMINAL TRESPASS,11,17987
CRIMINAL TRESPASS,12,17057
CRIM SEXUAL ASSAULT,1,2554
CRIM SEXUAL ASSAULT,2,1870
CRIM SEXUAL ASSAULT,3,2086
CRIM SEXUAL ASSAULT,4,2108
CRIM SEXUAL ASSAULT,5,2377
CRIM SEXUAL ASSAULT,6,2471
CRIM SEXUAL ASSAULT,7,2638
CRIM SEXUAL ASSAULT,8,2559
CRIM SEXUAL ASSAULT,9,2433
CRIM SEXUAL ASSAULT,10,2314
CRIM SEXUAL ASSAULT,11,2012
CRIM SEXUAL ASSAULT,12,1821
DECEPTIVE PRACTICE,1,35128
DECEPTIVE PRACTICE,2,29709
DECEPTIVE PRACTICE,3,33316
DECEPTIVE PRACTICE,4,32144
DECEPTIVE PRACTICE,5,31990
DECEPTIVE PRACTICE,6,32596
DECEPTIVE PRACTICE,7,32995
DECEPTIVE PRACTICE,8,33724
DECEPTIVE PRACTICE,9,32182
DECEPTIVE PRACTICE,10,33746
DECEPTIVE PRACTICE,11,31854
DECEPTIVE PRACTICE,12,33996
DOMESTIC VIOLENCE,1,1
GAMBLING,1,361
GAMBLING,2,389
GAMBLING,3,748
GAMBLING,4,1242
GAMBLING,5,1642
GAMBLING,6,1878
GAMBLING,7,1969
GAMBLING,8,2225
GAMBLING,9,1808
GAMBLING,10,1310
GAMBLING,11,744
GAMBLING,12,350
HOMICIDE,1,917
HOMICIDE,2,745
HOMICIDE,3,917
HOMICIDE,4,1088
HOMICIDE,5,1280
HOMICIDE,6,1461
HOMICIDE,7,1565
HOMICIDE,8,1416
HOMICIDE,9,1357
HOMICIDE,10,1233
HOMICIDE,11,1095
HOMICIDE,12,1014
HUMAN TRAFFICKING,1,37
HUMAN TRAFFICKING,2,10
HUMAN TRAFFICKING,3,16
HUMAN TRAFFICKING,4,5
HUMAN TRAFFICKING,5,11
HUMAN TRAFFICKING,6,18
HUMAN TRAFFICKING,7,8
HUMAN TRAFFICKING,8,13
HUMAN TRAFFICKING,9,20
HUMAN TRAFFICKING,10,13
HUMAN TRAFFICKING,11,12
HUMAN TRAFFICKING,12,8
INTERFERENCE WITH PUBLIC OFFICER,1,1505
INTERFERENCE WITH PUBLIC OFFICER,2,1485
INTERFERENCE WITH PUBLIC OFFICER,3,1692
INTERFERENCE WITH PUBLIC OFFICER,4,1619
INTERFERENCE WITH PUBLIC OFFICER,5,1828
INTERFERENCE WITH PUBLIC OFFICER,6,1854
INTERFERENCE WITH PUBLIC OFFICER,7,1992
INTERFERENCE WITH PUBLIC OFFICER,8,2014
INTERFERENCE WITH PUBLIC OFFICER,9,1874
INTERFERENCE WITH PUBLIC OFFICER,10,1672
INTERFERENCE WITH PUBLIC OFFICER,11,1530
INTERFERENCE WITH PUBLIC OFFICER,12,1335
INTIMIDATION,1,418
INTIMIDATION,2,340
INTIMIDATION,3,446
INTIMIDATION,4,418
INTIMIDATION,5,461
INTIMIDATION,6,432
INTIMIDATION,7,468
INTIMIDATION,8,458
INTIMIDATION,9,485
INTIMIDATION,10,493
INTIMIDATION,11,367
INTIMIDATION,12,359
KIDNAPPING,1,618
KIDNAPPING,2,543
KIDNAPPING,3,639
KIDNAPPING,4,580
KIDNAPPING,5,727
KIDNAPPING,6,708
KIDNAPPING,7,652
KIDNAPPING,8,618
KIDNAPPING,9,649
KIDNAPPING,10,557
KIDNAPPING,11,614
KIDNAPPING,12,611
LIQUOR LAW VIOLATION,1,1188
LIQUOR LAW VIOLATION,2,1143
LIQUOR LAW VIOLATION,3,1483
LIQUOR LAW VIOLATION,4,1396
LIQUOR LAW VIOLATION,5,1442
LIQUOR LAW VIOLATION,6,1520
LIQUOR LAW VIOLATION,7,1396
LIQUOR LAW VIOLATION,8,1352
LIQUOR LAW VIOLATION,9,1317
LIQUOR LAW VIOLATION,10,1266
LIQUOR LAW VIOLATION,11,1117
LIQUOR LAW VIOLATION,12,809
MOTOR VEHICLE THEFT,1,36163
MOTOR VEHICLE THEFT,2,30336
MOTOR VEHICLE THEFT,3,34241
MOTOR VEHICLE THEFT,4,33191
MOTOR VEHICLE THEFT,5,35317
MOTOR VEHICLE THEFT,6,36530
MOTOR VEHICLE THEFT,7,38954
MOTOR VEHICLE THEFT,8,38920
MOTOR VEHICLE THEFT,9,37305
MOTOR VEHICLE THEFT,10,39826
MOTOR VEHICLE THEFT,11,36907
MOTOR VEHICLE THEFT,12,37160
NARCOTICS,1,67832
NARCOTICS,2,65769
NARCOTICS,3,70867
NARCOTICS,4,64456
NARCOTICS,5,64650
NARCOTICS,6,60371
NARCOTICS,7,63547
NARCOTICS,8,65963
NARCOTICS,9,62323
NARCOTICS,10,63362
NARCOTICS,11,60630
NARCOTICS,12,55393
NON-CRIMINAL,1,2
NON-CRIMINAL,2,1
NON-CRIMINAL,3,1
NON-CRIMINAL,4,5
NON-CRIMINAL,5,3
NON-CRIMINAL,6,2
NON-CRIMINAL,8,2
NON-CRIMINAL,9,3
NON-CRIMINAL,10,2
NON-CRIMINAL,11,3
NON-CRIMINAL,12,2
OBSCENITY,1,92
OBSCENITY,2,70
OBSCENITY,3,100
OBSCENITY,4,62
OBSCENITY,5,84
OBSCENITY,6,76
OBSCENITY,7,86
OBSCENITY,8,63
OBSCENITY,9,81
OBSCENITY,10,115
OBSCENITY,11,67
OBSCENITY,12,76
OFFENSE INVOLVING CHILDREN,1,7008
OFFENSE INVOLVING CHILDREN,2,4483
OFFENSE INVOLVING CHILDREN,3,5127
OFFENSE INVOLVING CHILDREN,4,5006
OFFENSE INVOLVING CHILDREN,5,5477
OFFENSE INVOLVING CHILDREN,6,5324
OFFENSE INVOLVING CHILDREN,7,5026
OFFENSE INVOLVING CHILDREN,8,5049
OFFENSE INVOLVING CHILDREN,9,4935
OFFENSE INVOLVING CHILDREN,10,4806
OFFENSE INVOLVING CHILDREN,11,4564
OFFENSE INVOLVING CHILDREN,12,4780
OTHER NARCOTIC VIOLATION,1,8
OTHER NARCOTIC VIOLATION,2,18
OTHER NARCOTIC VIOLATION,3,13
OTHER NARCOTIC VIOLATION,4,9
OTHER NARCOTIC VIOLATION,5,19
OTHER NARCOTIC VIOLATION,6,11
OTHER NARCOTIC VIOLATION,7,19
OTHER NARCOTIC VIOLATION,8,21
OTHER NARCOTIC VIOLATION,9,16
OTHER NARCOTIC VIOLATION,10,6
OTHER NARCOTIC VIOLATION,11,16
OTHER NARCOTIC VIOLATION,12,8
OTHER OFFENSE,1,46564
OTHER OFFENSE,2,42610
OTHER OFFENSE,3,47635
OTHER OFFENSE,4,45768
OTHER OFFENSE,5,46456
OTHER OFFENSE,6,44737
OTHER OFFENSE,7,45866
OTHER OFFENSE,8,45120
OTHER OFFENSE,9,41538
OTHER OFFENSE,10,43644
OTHER OFFENSE,11,40216
OTHER OFFENSE,12,38988
PROSTITUTION,1,6467
PROSTITUTION,2,5714
PROSTITUTION,3,6184
PROSTITUTION,4,6061
PROSTITUTION,5,6132
PROSTITUTION,6,5638
PROSTITUTION,7,5962
PROSTITUTION,8,6358
PROSTITUTION,9,5953
PROSTITUTION,10,5990
PROSTITUTION,11,5616
PROSTITUTION,12,4382
PUBLIC INDECENCY,1,10
PUBLIC INDECENCY,2,19
PUBLIC INDECENCY,3,10
PUBLIC INDECENCY,4,14
PUBLIC INDECENCY,5,27
PUBLIC INDECENCY,6,23
PUBLIC INDECENCY,7,14
PUBLIC INDECENCY,8,25
PUBLIC INDECENCY,9,19
PUBLIC INDECENCY,10,19
PUBLIC INDECENCY,11,22
PUBLIC INDECENCY,12,16
PUBLIC PEACE VIOLATION,1,3671
PUBLIC PEACE VIOLATION,2,3631
PUBLIC PEACE VIOLATION,3,4912
PUBLIC PEACE VIOLATION,4,4565
PUBLIC PEACE VIOLATION,5,5739
PUBLIC PEACE VIOLATION,6,5280
PUBLIC PEACE VIOLATION,7,4995
PUBLIC PEACE VIOLATION,8,4710
PUBLIC PEACE VIOLATION,9,5151
PUBLIC PEACE VIOLATION,10,5120
PUBLIC PEACE VIOLATION,11,3850
PUBLIC PEACE VIOLATION,12,3367
RITUALISM,1,3
RITUALISM,2,1
RITUALISM,3,3
RITUALISM,4,1
RITUALISM,5,1
RITUALISM,7,1
RITUALISM,8,3
RITUALISM,9,3
RITUALISM,10,3
RITUALISM,11,2
RITUALISM,12,3
ROBBERY,1,25584
ROBBERY,2,18933
ROBBERY,3,22061
ROBBERY,4,22805
ROBBERY,5,25798
ROBBERY,6,26628
ROBBERY,7,29707
ROBBERY,8,29947
ROBBERY,9,28534
ROBBERY,10,30179
ROBBERY,11,27693
ROBBERY,12,27823
SEX OFFENSE,1,3174
SEX OFFENSE,2,2349
SEX OFFENSE,3,2721
SEX OFFENSE,4,2653
SEX OFFENSE,5,3205
SEX OFFENSE,6,3320
SEX OFFENSE,7,3486
SEX OFFENSE,8,3266
SEX OFFENSE,9,3182
SEX OFFENSE,10,2867
SEX OFFENSE,11,2492
SEX OFFENSE,12,2231
STALKING,1,512
STALKING,2,406
STALKING,3,515
STALKING,4,533
STALKING,5,533
STALKING,6,542
STALKING,7,592
STALKING,8,545
STALKING,9,564
STALKING,10,565
STALKING,11,548
STALKING,12,455
THEFT,1,136479
THEFT,2,117075
THEFT,3,137272
THEFT,4,139084
THEFT,5,152275
THEFT,6,158965
THEFT,7,175753
THEFT,8,175122
THEFT,9,160521
THEFT,10,162351
THEFT,11,145008
THEFT,12,140595
WEAPONS VIOLATION,1,9769
WEAPONS VIOLATION,2,8081
WEAPONS VIOLATION,3,9998
WEAPONS VIOLATION,4,10216
WEAPONS VIOLATION,5,11946
WEAPONS VIOLATION,6,11454
WEAPONS VIOLATION,7,12187
WEAPONS VIOLATION,8,11903
WEAPONS VIOLATION,9,11368
WEAPONS VIOLATION,10,10829
WEAPONS VIOLATION,11,9354
WEAPONS VIOLATION,12,8714
