year,mes,n
2022,6,20902
2009,10,33549
2004,3,39860
2001,1,38129
2021,7,19336
2017,2,19331
2018,3,21286
2023,3,20846
2007,3,36357
2012,3,28585
2012,11,26055
2022,4,18112
2016,2,18765
2013,12,21881
2010,1,29281
2019,4,21071
2014,11,20786
2013,4,25547
2020,8,19973
2007,4,35641
2006,12,34148
2001,3,40576
2024,5,23030
2022,11,20916
2007,11,34427
2019,11,20033
2013,7,28648
2008,2,29053
2004,6,41137
2026,9,13042
2010,9,31914
2020,11,16694
2009,12,28197
2010,3,32348
2024,6,23246
2006,8,40499
2010,6,32739
2013,8,28679
2006,4,36482
2003,12,35793
2022,10,23324
2010,12,25257
2007,8,39850
2007,9,38268
2004,12,34325
2023,7,24111
2011,9,29951
2023,2,18523
2024,1,19713
2022,9,22470
2012,8,30070
2007,1,34133
2009,8,35836
2010,10,32406
2020,3,16819
2002,10,43150
2004,8,43049
2008,12,29423
2002,6,42842
2021,10,19447
2008,7,40500
2020,1,20128
2007,10,39601
2020,9,18027
2003,4,39790
2018,11,20730
2016,7,24872
2009,11,31406
2001,8,44049
2011,7,33267
2003,3,38653
2003,6,40823
2021,2,13175
2018,5,24778
2013,11,23579
2025,4,19728
2005,12,32672
2023,4,20850
2006,2,31302
2023,12,21373
2025,10,21049
2011,3,28705
2016,4,21196
2025,3,19828
2018,7,25314
2021,11,17505
2025,12,17592
2001,7,44709
2023,1,21400
2001,11,39613
2024,4,20534
2015,6,23202
2011,11,27663
2009,4,32577
2001,5,41849
2019,10,21771
2018,10,22884
2002,3,38591
2020,12,16570
2007,7,40999
2004,7,43242
2014,7,26590
2010,2,24961
2008,5,38069
2007,5,40095
2014,9,23913
2007,2,27139
2019,7,24925
2003,11,38058
2017,12,21131
2012,4,27201
2019,1,19864
2003,10,43331
2019,5,23719
2023,6,22814
2006,1,36778
2006,10,38666
2004,4,38272
2005,2,31991
2025,2,16581
2004,5,40785
2016,1,20825
2015,8,24836
2002,1,38428
2024,7,24151
2017,11,21525
2014,6,25468
2016,6,24099
2011,5,31605
2012,6,31107
2009,2,28244
2004,2,34071
2010,5,33416
2025,7,22711
2002,12,37180
2003,2,32511
2017,5,23412
2002,9,42395
2015,11,20607
2024,3,20954
2002,7,46016
2004,10,41530
2011,6,32334
2018,1,20651
2006,3,36985
2020,7,19724
2003,7,43421
2013,5,28028
2018,4,21185
2021,8,18655
2012,7,31988
2005,7,41813
2015,2,16412
2008,10,37895
2016,11,21772
2005,4,38872
2020,6,17746
2017,1,22247
2022,8,22436
2015,7,24252
2016,9,23719
2016,12,20412
2008,8,40548
2005,10,39963
2026,4,19140
2023,8,24283
2023,5,22323
2012,9,27788
2001,12,36853
2022,2,15337
2004,11,36843
2010,8,34165
2007,6,38997
2025,8,21387
2001,4,40102
2007,12,31610
2019,12,20868
2021,3,16236
2022,5,20262
2015,9,23145
2012,1,26352
2020,10,18501
2015,5,23733
2012,10,27999
2005,3,36907
2021,5,17911
2026,2,16542
2010,4,31679
2002,5,42916
2010,11,28903
2017,9,22874
2013,10,25498
2014,1,20118
2011,10,30295
2004,1,35117
2011,2,22246
2016,5,23567
2014,12,20998
2021,6,18926
2018,6,24296
2018,2,17391
2022,7,22397
2009,1,30278
2001,9,41523
2009,7,35683
2019,9,22539
2001,6,41744
2004,9,41216
2024,9,23031
2017,4,21723
2013,2,21432
2006,11,35573
2008,3,33989
2001,2,33791
2013,6,27406
2026,8,20723
2025,1,18566
2008,6,37710
2018,12,22051
2001,10,43039
2003,9,41428
2023,9,22698
2015,1,21031
2009,3,33693
2002,2,33908
2017,7,24890
2017,3,20603
2010,7,33519
2019,2,18469
2011,1,27249
2019,6,23687
2024,2,19989
2002,8,44219
2017,10,22956
2015,4,21752
2021,12,17409
2023,10,23151
2024,12,19651
2005,9,39633
2005,6,40059
2015,3,21696
2012,2,23897
2026,6,20029
2014,8,25914
2009,9,33876
2018,8,25520
2026,5,21143
2012,12,25248
2022,12,20042
2018,9,23153
2006,7,41556
2003,1,36732
2020,2,18251
2014,2,18057
2025,11,18493
2013,1,25582
2024,8,23046
2019,8,24505
2002,11,37157
2024,10,22522
2026,1,17030
2003,5,41199
2013,3,25003
2020,5,17658
2017,8,24764
2025,9,20406
2009,6,34288
2005,8,41545
2013,9,26363
2016,8,24944
2021,1,16345
2019,3,20487
2012,5,30116
2008,11,33566
2017,6,23893
2006,6,38825
2009,5,35250
2006,5,39620
2006,9,37777
2022,3,18484
2016,3,22076
2026,3,19179
2014,5,24899
2005,1,33885
2025,6,21187
2014,3,22206
2016,10,23785
2021,9,19317
2008,4,35602
2014,4,22947
2015,10,23117
2023,11,21474
2021,4,15739
2002,4,40041
2011,8,32609
2003,8,44274
2026,7,21236
2008,9,37459
2024,11,19769
2005,11,35985
2025,5,20566
2011,12,27037
2022,1,15814
2005,5,40478
2015,12,21162
2014,10,24017
2011,4,29122
2020,4,12980
2008,1,33417
