beat,n,lat,lon
111,37938,41.88351364544378,-87.6319487655568
112,33607,41.88098800965968,-87.62909476515533
113,25550,41.88117340916317,-87.62970249146609
114,14816,41.88362491563668,-87.62090358483631
121,10484,41.880678105469,-87.64143861638982
122,45490,41.88319391906997,-87.63025530100322
123,39856,41.874658819154234,-87.62769151015759
124,24271,41.87490519073804,-87.63265553355329
131,32744,41.86521446558049,-87.63210960967916
132,37880,41.86574764183976,-87.62470341930634
133,21226,41.84863567914647,-87.6214410773933
134,17037,41.85161314251048,-87.6264127402883
211,30717,41.830550515226,-87.62117777911907
212,30794,41.828050823261705,-87.61379810456475
213,22748,41.82155487605402,-87.61844681954179
214,21056,41.82015469898309,-87.61515843923304
215,9099,41.81310669867392,-87.6216883558191
221,21457,41.81317702508207,-87.61742470989901
222,30756,41.810259651600795,-87.60322750287534
223,24385,41.80589837919184,-87.61066973415338
224,20560,41.806028435708654,-87.62056754138084
225,9207,41.79576158739393,-87.62604491487248
231,17575,41.80026704247516,-87.62135979884546
232,24525,41.79435322345194,-87.62259440626144
233,25483,41.79291600088859,-87.61734539121858
234,26933,41.79662393561,-87.60179573945126
235,7312,41.792075178309624,-87.59229544230429
310,1,41.720072257,-87.739413164
311,21980,41.78280355715974,-87.62025101735442
312,43009,41.77810851265087,-87.61308005701989
313,37639,41.78290811793998,-87.60969251194031
314,25896,41.780945830460155,-87.593571368613
321,49689,41.77336127942921,-87.60201896196726
322,33869,41.76907212248316,-87.6192360167817
323,40591,41.762271742836475,-87.61406508873335
324,44064,41.76297770277289,-87.58870802405973
331,41343,41.77107227000288,-87.57282723704179
332,38490,41.77025424502606,-87.58424571940073
333,28036,41.76365798871458,-87.57528714145691
334,31202,41.7624346591166,-87.56395435097792
411,34660,41.75201957808231,-87.59000653618611
412,39049,41.738730097771416,-87.58098291298502
413,36468,41.72811400138659,-87.58434704224874
414,53280,41.75255935145927,-87.57566943124101
421,66537,41.75559877634952,-87.55931608491768
422,34122,41.74979329077668,-87.5567988507042
423,65011,41.73659155159628,-87.55717115598483
424,39177,41.73683426552105,-87.54752753985615
430,17,41.678820333058816,-87.54487981035294
431,37300,41.71725417836976,-87.56654810974295
432,35103,41.70808443115996,-87.53542708826143
433,26942,41.66676999371728,-87.54206724194837
434,17023,41.70036981295101,-87.56565381446397
511,58229,41.714096970597055,-87.61728201560146
512,46655,41.7040992316511,-87.61796149467429
513,43496,41.69627770381273,-87.61930189138702
522,45730,41.68418913541986,-87.62784388591407
523,41934,41.66881399806288,-87.63413913879522
524,39034,41.67952241937349,-87.64608821862547
531,31391,41.689570204265614,-87.61482021882253
532,29083,41.67732148074036,-87.61848833111047
533,38090,41.65542995929575,-87.60572053431922
611,41334,41.75139725768619,-87.6681406891609
612,51246,41.751869346494075,-87.65602429218022
613,37350,41.74185327112236,-87.65075132456765
614,32235,41.74203801906583,-87.66536689280684
621,51735,41.752854178995854,-87.6421460850458
622,27048,41.7405275581636,-87.63355528617221
623,45174,41.7529606996225,-87.62476844401102
624,60102,41.75298457343303,-87.6058746048449
631,49774,41.74681177153144,-87.60598299166003
632,45584,41.73870503321716,-87.60985319658424
633,25257,41.72765293908414,-87.6089645723053
634,33362,41.72734880888957,-87.62688234002066
711,34846,41.7871523450788,-87.63827219211517
712,42772,41.78732516021265,-87.64986058861393
713,45595,41.78698782658816,-87.65986520721687
714,25055,41.78287584484083,-87.6690232579068
715,23514,41.79095059532474,-87.67055173691915
722,27262,41.77426670396174,-87.63393287014893
723,35183,41.77446013315948,-87.64468348231651
724,27480,41.77419028534057,-87.65366996368964
725,39408,41.77429261298632,-87.66397490132705
726,28948,41.77445352131746,-87.67288506399795
731,29533,41.76425386573142,-87.62981849305203
732,26828,41.7642107593184,-87.63989372952247
733,34330,41.76405740553696,-87.64865277945613
734,26650,41.76428857320724,-87.65880127964266
735,34185,41.76433730995916,-87.66964605985622
811,26119,41.79232561840959,-87.78068513297706
812,22251,41.778455428574894,-87.77663074018294
813,43679,41.783956202382704,-87.73601862945631
814,28562,41.80397671997696,-87.748902645609
815,39211,41.803703308095045,-87.73137503576574
821,26457,41.80825930065178,-87.71220506229923
822,33884,41.79263307182257,-87.7119921705587
823,56738,41.779633937351115,-87.70433030027523
824,38148,41.788744941979786,-87.69219664375986
825,47324,41.77993540920336,-87.68692543720944
831,45330,41.769046623201056,-87.69683198941843
832,42949,41.768842866372346,-87.68403290916977
833,42425,41.76224184930371,-87.7286794971936
834,40068,41.74383956158869,-87.72104790643375
835,40122,41.750167902717266,-87.69344062184173
911,24887,41.808397744001326,-87.69358316347406
912,36269,41.820912507196496,-87.68778841627034
913,29212,41.83212166576623,-87.6741925284325
914,33789,41.82774115511426,-87.65993629093903
915,30457,41.813940965945235,-87.65972317232735
921,18771,41.81402635377231,-87.67506783124483
922,28035,41.820858899257075,-87.67902700334656
923,25210,41.82264841592193,-87.66870495766439
924,29469,41.82472599771492,-87.65599583045596
925,19926,41.8203565210408,-87.63766103741382
931,24539,41.80516419596275,-87.66913503998602
932,27397,41.79766680797554,-87.6688075976401
933,23141,41.803027289705035,-87.65859606219468
934,29507,41.7975599331823,-87.64892181411415
935,26355,41.80792707805046,-87.6378518546606
1011,46828,41.8640004029316,-87.72377879120003
1012,28941,41.85621570759531,-87.72967823771117
1013,29465,41.84817769179528,-87.72476197328594
1014,30261,41.85665371695998,-87.71998889487524
1021,36540,41.861301631217955,-87.71165937579204
1022,34364,41.85978991361096,-87.70403180433853
1023,23662,41.85833426016351,-87.69310785283315
1024,31612,41.85012360325965,-87.71013225415534
1031,31520,41.839556340589816,-87.72614166622138
1032,18845,41.84087127360324,-87.71085078306314
1033,25172,41.846701938168,-87.70040255717431
1034,29423,41.84878434810064,-87.68482166494972
1111,36492,41.89743047518432,-87.73427612884082
1112,56411,41.89829375597102,-87.72111812915334
1113,36987,41.88125632548663,-87.73989844344186
1114,21367,41.884232584505405,-87.72968626906412
1115,29878,41.87945827060981,-87.72981062706101
1121,46221,41.895471215170616,-87.71171900750747
1122,45228,41.88505124702065,-87.72176707350691
1123,33013,41.88394303159016,-87.71093270694323
1124,29279,41.87904738201332,-87.70272414729017
1125,17373,41.87839445773338,-87.69046707070132
1131,30660,41.87340684107101,-87.73901233440368
1132,42134,41.872333637490634,-87.7263333730764
1133,43006,41.87134024125143,-87.71706903803883
1134,34107,41.87100303117636,-87.70609936611402
1135,36471,41.87127541103104,-87.69481532371393
1211,31834,41.88489408396843,-87.68315640722278
1212,24604,41.89050679147712,-87.66273401008685
1213,22922,41.8858174941081,-87.65907177195876
1214,16536,41.88939736031519,-87.64890854305702
1215,11881,41.890945654120785,-87.66400721374515
1221,12159,41.8931236491218,-87.68829883128005
1222,23764,41.86845963063588,-87.67837390649511
1223,28127,41.86857595340164,-87.67858922148521
1224,29481,41.87609722000919,-87.66737185677167
1225,11711,41.8745090985476,-87.68091338054445
1231,28522,41.868331951025205,-87.66306404924924
1232,21785,41.871126616134816,-87.65121683980821
1233,24571,41.86001344459151,-87.65699102357014
1234,11378,41.85547286750809,-87.67514704375425
1235,10983,41.85576081658008,-87.65158270593936
1311,14815,41.89930035708491,-87.6975793300436
1312,13424,41.89975273435057,-87.68507634171938
1313,13743,41.892927497797565,-87.6907616925538
1322,10231,41.89974506880696,-87.67168939518972
1323,18722,41.89600656621926,-87.65642522126338
1324,13968,41.89314951348196,-87.6662792579342
1331,16620,41.883216667479665,-87.6997626839385
1332,13404,41.883110659762835,-87.6832950988249
1333,8839,41.88465772689479,-87.66988783725284
1411,23152,41.93323601367104,-87.69867325604666
1412,24197,41.93320250696012,-87.71193113305047
1413,21613,41.921994048478794,-87.71210104605404
1414,21977,41.923096322659006,-87.70179420960973
1421,27186,41.913407684323545,-87.70046543416461
1422,33321,41.909521922156635,-87.71154821991843
1423,29434,41.906498246145134,-87.69300806123218
1424,35751,41.906925462478725,-87.67700610135917
1431,20861,41.92171314613096,-87.69211502966468
1432,28526,41.92412408274149,-87.680994596963
1433,30904,41.90901432231021,-87.66658897257619
1434,31654,41.913364574458264,-87.68235529933771
1511,30250,41.8965523490084,-87.76998708972043
1512,28144,41.885767905979215,-87.7691218591545
1513,25738,41.876265812249635,-87.7695259884554
1522,52242,41.87775963429698,-87.75973468142065
1523,39813,41.88613236522596,-87.76063435587348
1524,36430,41.89586279586432,-87.76049360746678
1531,43710,41.89741103414404,-87.75072364677378
1532,45734,41.88720466386461,-87.75045651124233
1533,56683,41.87724460739823,-87.74910860867217
1611,15115,41.999925163205035,-87.79873775955653
1612,12646,41.99057456977701,-87.80723600145286
1613,13609,41.97685209118752,-87.8038014190072
1614,17330,41.97587743649688,-87.84012758326548
1621,9233,41.99374590886602,-87.76176365599609
1622,30078,41.97406231754083,-87.77643413810355
1623,28486,41.96977797424328,-87.75983064029518
1624,26155,41.956618688062925,-87.7636016746347
1631,18925,41.94456836035572,-87.81966396905405
1632,21115,41.946703472113946,-87.79618587713487
1633,32066,41.94528995631045,-87.77235659842381
1634,27726,41.9452140080545,-87.7535073778982
1650,131,41.976182433229006,-87.87642490464884
1651,20704,41.97672460964229,-87.9053566619304
1652,1563,41.97639107634485,-87.90507840288355
1653,3724,41.976504057634,-87.90070316641811
1654,6207,41.9772147732829,-87.89386059623426
1655,1882,41.974845650637086,-87.89038586173965
1711,21605,41.98996084615223,-87.72209420734617
1712,33077,41.97283622362448,-87.72441778941503
1713,21118,41.96924359621797,-87.70860320879987
1722,27774,41.959924469832174,-87.73651429157258
1723,37118,41.961638587164046,-87.71949278110431
1724,23825,41.95901686796172,-87.70597427541712
1731,28459,41.94477956869261,-87.73693826198195
1732,29162,41.945939378725214,-87.72042764821013
1733,25952,41.946768826995296,-87.70529503481838
1811,22279,41.92007822150348,-87.65990706316397
1812,22463,41.921909622521355,-87.64680269120763
1813,14319,41.914101554201125,-87.6467581323501
1814,20548,41.91677349898647,-87.635112529018
1821,35175,41.9068962054238,-87.6372845776258
1822,33695,41.906150287007186,-87.64794268980296
1823,26885,41.89950013483597,-87.63932509951574
1824,33817,41.90363219654845,-87.62947978313804
1831,47370,41.89142654449141,-87.63349101159741
1832,30319,41.89527782554972,-87.6304211384256
1833,37954,41.898056410369286,-87.62459298202026
1834,65024,41.89239015182319,-87.62245007992915
1911,19078,41.96378074231308,-87.68769523198411
1912,19660,41.95752388512269,-87.67918465847481
1913,27561,41.94955735978999,-87.67316974535308
1914,14389,41.965578618327754,-87.65283323611642
1915,10306,41.958516862273434,-87.6511277042814
1921,8194,41.945874236999515,-87.68592964705736
1922,20160,41.953921710337546,-87.67111053938224
1923,29027,41.95041433650746,-87.66187884699524
1924,32746,41.94281797908832,-87.65747392917423
1925,16103,41.946326157001366,-87.64587946075197
1931,22564,41.932222811862744,-87.67241170996734
1932,21739,41.933870648777216,-87.65614697782138
1933,26832,41.93225798665877,-87.65251741774067
1934,13383,41.936016897772014,-87.64344482675804
1935,13877,41.92953120544743,-87.64476311826685
2011,27457,41.98279063384357,-87.69590560872483
2012,15380,41.98121908794857,-87.67453122353797
2013,17506,41.984561553708495,-87.66429833827539
2022,13661,41.98659704839441,-87.65699072158218
2023,17561,41.97974443146985,-87.65713483226398
2024,19134,41.97250906494241,-87.65435542552038
2031,15696,41.971808184580595,-87.69352971875043
2032,13591,41.971996001903165,-87.67493857489006
2033,14254,41.972610496811136,-87.6606544538982
2111,8245,41.85263796654942,-87.6314897233008
2112,10982,41.838855580180294,-87.62043443854472
2113,17174,41.84198663193572,-87.62810518465453
2122,13118,41.83231471257943,-87.61149972605716
2123,16440,41.81391961052409,-87.60124008395663
2124,13067,41.80562886315367,-87.60062911663908
2131,9390,41.79845609158232,-87.59841300826166
2132,16106,41.79947633796852,-87.58697005012547
2133,7092,41.789930228673285,-87.59984898524182
2211,23834,41.697266894252714,-87.70370652496237
2212,36452,41.69266787393904,-87.67304732934473
2213,24249,41.71572951733606,-87.66393512860317
2221,27498,41.728647450272746,-87.66611260483559
2222,33422,41.73022791383924,-87.65416425059894
2223,34807,41.72509464878889,-87.64107073541395
2232,32430,41.70817120640105,-87.64488215545975
2233,30533,41.69440497040815,-87.63872698004873
2234,35163,41.68956256138324,-87.65563172635984
2311,15818,41.965336794912496,-87.66062537343831
2312,10017,41.96720221766776,-87.65398217325875
2313,9744,41.96388827573984,-87.6523307759336
2322,8444,41.958446435374235,-87.6536063848927
2323,8111,41.95407991046542,-87.64627252518271
2324,10122,41.95037562991938,-87.65251800396076
2331,11717,41.94477177419127,-87.64860026736929
2332,10231,41.93936730858284,-87.64494613052565
2333,11119,41.93205607671705,-87.64097843319202
2411,29048,42.01221128549332,-87.69267834168492
2412,28815,41.999819724789376,-87.69223166172344
2413,38245,41.99423511782288,-87.69240313635977
2422,36431,42.019583306280495,-87.67099777388806
2423,22362,42.01222266021952,-87.66783321793709
2424,25440,42.01383195258101,-87.67909998568857
2431,19418,42.00702087780487,-87.66618967367427
2432,30240,42.00182496251511,-87.66654014588984
2433,30844,41.993917972900654,-87.66234392185562
2511,21788,41.934342872561864,-87.79157927284221
2512,40481,41.92435058467941,-87.78898508011977
2513,16606,41.911663506528605,-87.78808978156502
2514,30541,41.93313389869484,-87.76563405879305
2515,35031,41.9223252692606,-87.76512830093738
2521,37939,41.93134482773102,-87.74791530583803
2522,29147,41.92036511867074,-87.74378758046915
2523,26124,41.93547494396111,-87.72599532964645
2524,25089,41.927661875144125,-87.72760723814164
2525,21598,41.92041450035133,-87.72369757636812
2531,29615,41.90787617411882,-87.77072415791126
2532,37195,41.90797013922777,-87.76080128518147
2533,51856,41.90941671013887,-87.74751127289524
2534,41891,41.908664810988725,-87.73066351183687
2535,36735,41.90878420006438,-87.72199394659665
6100,34,41.90650445226471,-87.74088032014707
