primary_type,year,n
ARSON,2001,1011
ARSON,2002,1032
ARSON,2003,955
ARSON,2004,778
ARSON,2005,691
ARSON,2006,726
ARSON,2007,712
ARSON,2008,644
ARSON,2009,616
ARSON,2010,522
ARSON,2011,504
ARSON,2012,469
ARSON,2013,364
ARSON,2014,397
ARSON,2015,453
ARSON,2016,516
ARSON,2017,444
ARSON,2018,373
ARSON,2019,376
ARSON,2020,588
ARSON,2021,530
ARSON,2022,422
ARSON,2023,513
ARSON,2024,481
ARSON,2025,374
ARSON,2026,279
ASSAULT,2001,31392
ASSAULT,2002,31524
ASSAULT,2003,29477
ASSAULT,2004,28850
ASSAULT,2005,27067
ASSAULT,2006,25946
ASSAULT,2007,26313
ASSAULT,2008,25449
ASSAULT,2009,22861
ASSAULT,2010,21537
ASSAULT,2011,20411
ASSAULT,2012,19900
ASSAULT,2013,17972
ASSAULT,2014,16905
ASSAULT,2015,17048
ASSAULT,2016,18743
ASSAULT,2017,19306
ASSAULT,2018,20408
ASSAULT,2019,20626
ASSAULT,2020,18263
ASSAULT,2021,20347
ASSAULT,2022,20817
ASSAULT,2023,22643
ASSAULT,2024,23488
ASSAULT,2025,21601
ASSAULT,2026,15252
BATTERY,2001,93472
BATTERY,2002,94154
BATTERY,2003,88380
BATTERY,2004,87134
BATTERY,2005,83964
BATTERY,2006,80667
BATTERY,2007,79595
BATTERY,2008,75930
BATTERY,2009,68460
BATTERY,2010,65403
BATTERY,2011,60460
BATTERY,2012,59134
BATTERY,2013,54006
BATTERY,2014,49455
BATTERY,2015,48928
BATTERY,2016,50302
BATTERY,2017,49241
BATTERY,2018,49835
BATTERY,2019,49556
BATTERY,2020,41567
BATTERY,2021,40512
BATTERY,2022,40998
BATTERY,2023,44303
BATTERY,2024,46187
BATTERY,2025,42660
BATTERY,2026,30982
BURGLARY,2001,26015
BURGLARY,2002,25623
BURGLARY,2003,25157
BURGLARY,2004,24564
BURGLARY,2005,25503
BURGLARY,2006,24324
BURGLARY,2007,24858
BURGLARY,2008,26218
BURGLARY,2009,26767
BURGLARY,2010,26422
BURGLARY,2011,26620
BURGLARY,2012,22844
BURGLARY,2013,17894
BURGLARY,2014,14569
BURGLARY,2015,13184
BURGLARY,2016,14289
BURGLARY,2017,13001
BURGLARY,2018,11747
BURGLARY,2019,9638
BURGLARY,2020,8759
BURGLARY,2021,6662
BURGLARY,2022,7595
BURGLARY,2023,7494
BURGLARY,2024,8437
BURGLARY,2025,9740
BURGLARY,2026,10050
CONCEALED CARRY LICENSE VIOLATION,2001,1
CONCEALED CARRY LICENSE VIOLATION,2014,15
CONCEALED CARRY LICENSE VIOLATION,2015,34
CONCEALED CARRY LICENSE VIOLATION,2016,36
CONCEALED CARRY LICENSE VIOLATION,2017,69
CONCEALED CARRY LICENSE VIOLATION,2018,149
CONCEALED CARRY LICENSE VIOLATION,2019,217
CONCEALED CARRY LICENSE VIOLATION,2020,148
CONCEALED CARRY LICENSE VIOLATION,2021,173
CONCEALED CARRY LICENSE VIOLATION,2022,177
CONCEALED CARRY LICENSE VIOLATION,2023,205
CONCEALED CARRY LICENSE VIOLATION,2024,196
CONCEALED CARRY LICENSE VIOLATION,2025,278
CONCEALED CARRY LICENSE VIOLATION,2026,183
CRIMINAL DAMAGE,2001,55868
CRIMINAL DAMAGE,2002,55942
CRIMINAL DAMAGE,2003,55011
CRIMINAL DAMAGE,2004,53164
CRIMINAL DAMAGE,2005,54548
CRIMINAL DAMAGE,2006,57124
CRIMINAL DAMAGE,2007,53749
CRIMINAL DAMAGE,2008,52843
CRIMINAL DAMAGE,2009,47725
CRIMINAL DAMAGE,2010,40654
CRIMINAL DAMAGE,2011,37331
CRIMINAL DAMAGE,2012,35855
CRIMINAL DAMAGE,2013,30856
CRIMINAL DAMAGE,2014,27799
CRIMINAL DAMAGE,2015,28677
CRIMINAL DAMAGE,2016,31018
CRIMINAL DAMAGE,2017,29045
CRIMINAL DAMAGE,2018,27823
CRIMINAL DAMAGE,2019,26683
CRIMINAL DAMAGE,2020,24885
CRIMINAL DAMAGE,2021,25096
CRIMINAL DAMAGE,2022,27254
CRIMINAL DAMAGE,2023,30098
CRIMINAL DAMAGE,2024,28557
CRIMINAL DAMAGE,2025,26248
CRIMINAL DAMAGE,2026,18438
CRIMINAL SEXUAL ASSAULT,2001,51
CRIMINAL SEXUAL ASSAULT,2002,51
CRIMINAL SEXUAL ASSAULT,2003,64
CRIMINAL SEXUAL ASSAULT,2004,64
CRIMINAL SEXUAL ASSAULT,2005,64
CRIMINAL SEXUAL ASSAULT,2006,65
CRIMINAL SEXUAL ASSAULT,2007,73
CRIMINAL SEXUAL ASSAULT,2008,75
CRIMINAL SEXUAL ASSAULT,2009,68
CRIMINAL SEXUAL ASSAULT,2010,86
CRIMINAL SEXUAL ASSAULT,2011,82
CRIMINAL SEXUAL ASSAULT,2012,101
CRIMINAL SEXUAL ASSAULT,2013,114
CRIMINAL SEXUAL ASSAULT,2014,117
CRIMINAL SEXUAL ASSAULT,2015,158
CRIMINAL SEXUAL ASSAULT,2016,177
CRIMINAL SEXUAL ASSAULT,2017,258
CRIMINAL SEXUAL ASSAULT,2018,397
CRIMINAL SEXUAL ASSAULT,2019,814
CRIMINAL SEXUAL ASSAULT,2020,1273
CRIMINAL SEXUAL ASSAULT,2021,1637
CRIMINAL SEXUAL ASSAULT,2022,1722
CRIMINAL SEXUAL ASSAULT,2023,1809
CRIMINAL SEXUAL ASSAULT,2024,1745
CRIMINAL SEXUAL ASSAULT,2025,1808
CRIMINAL SEXUAL ASSAULT,2026,1301
CRIMINAL TRESPASS,2001,13242
CRIMINAL TRESPASS,2002,13881
CRIMINAL TRESPASS,2003,14807
CRIMINAL TRESPASS,2004,15913
CRIMINAL TRESPASS,2005,16655
CRIMINAL TRESPASS,2006,14505
CRIMINAL TRESPASS,2007,13699
CRIMINAL TRESPASS,2008,12310
CRIMINAL TRESPASS,2009,10851
CRIMINAL TRESPASS,2010,9401
CRIMINAL TRESPASS,2011,8659
CRIMINAL TRESPASS,2012,8216
CRIMINAL TRESPASS,2013,8136
CRIMINAL TRESPASS,2014,7539
CRIMINAL TRESPASS,2015,6401
CRIMINAL TRESPASS,2016,6306
CRIMINAL TRESPASS,2017,6814
CRIMINAL TRESPASS,2018,6909
CRIMINAL TRESPASS,2019,6820
CRIMINAL TRESPASS,2020,4176
CRIMINAL TRESPASS,2021,3406
CRIMINAL TRESPASS,2022,4223
CRIMINAL TRESPASS,2023,4722
CRIMINAL TRESPASS,2024,4951
CRIMINAL TRESPASS,2025,5326
CRIMINAL TRESPASS,2026,3996
CRIM SEXUAL ASSAULT,2001,1768
CRIM SEXUAL ASSAULT,2002,1791
CRIM SEXUAL ASSAULT,2003,1560
CRIM SEXUAL ASSAULT,2004,1522
CRIM SEXUAL ASSAULT,2005,1505
CRIM SEXUAL ASSAULT,2006,1425
CRIM SEXUAL ASSAULT,2007,1494
CRIM SEXUAL ASSAULT,2008,1497
CRIM SEXUAL ASSAULT,2009,1385
CRIM SEXUAL ASSAULT,2010,1318
CRIM SEXUAL ASSAULT,2011,1440
CRIM SEXUAL ASSAULT,2012,1374
CRIM SEXUAL ASSAULT,2013,1249
CRIM SEXUAL ASSAULT,2014,1289
CRIM SEXUAL ASSAULT,2015,1318
CRIM SEXUAL ASSAULT,2016,1462
CRIM SEXUAL ASSAULT,2017,1455
CRIM SEXUAL ASSAULT,2018,1374
CRIM SEXUAL ASSAULT,2019,940
CRIM SEXUAL ASSAULT,2020,77
DECEPTIVE PRACTICE,2001,14961
DECEPTIVE PRACTICE,2002,13742
DECEPTIVE PRACTICE,2003,13465
DECEPTIVE PRACTICE,2004,13264
DECEPTIVE PRACTICE,2005,13594
DECEPTIVE PRACTICE,2006,13614
DECEPTIVE PRACTICE,2007,14181
DECEPTIVE PRACTICE,2008,14949
DECEPTIVE PRACTICE,2009,13903
DECEPTIVE PRACTICE,2010,12598
DECEPTIVE PRACTICE,2011,12761
DECEPTIVE PRACTICE,2012,13799
DECEPTIVE PRACTICE,2013,13957
DECEPTIVE PRACTICE,2014,15999
DECEPTIVE PRACTICE,2015,16504
DECEPTIVE PRACTICE,2016,19462
DECEPTIVE PRACTICE,2017,19832
DECEPTIVE PRACTICE,2018,20024
DECEPTIVE PRACTICE,2019,19335
DECEPTIVE PRACTICE,2020,18703
DECEPTIVE PRACTICE,2021,18022
DECEPTIVE PRACTICE,2022,17261
DECEPTIVE PRACTICE,2023,17658
DECEPTIVE PRACTICE,2024,16461
DECEPTIVE PRACTICE,2025,15331
DECEPTIVE PRACTICE,2026,9516
DOMESTIC VIOLENCE,2001,1
GAMBLING,2001,934
GAMBLING,2002,971
GAMBLING,2003,1088
GAMBLING,2004,1122
GAMBLING,2005,1078
GAMBLING,2006,1368
GAMBLING,2007,1409
GAMBLING,2008,1199
GAMBLING,2009,991
GAMBLING,2010,927
GAMBLING,2011,736
GAMBLING,2012,724
GAMBLING,2013,596
GAMBLING,2014,393
GAMBLING,2015,310
GAMBLING,2016,189
GAMBLING,2017,191
GAMBLING,2018,201
GAMBLING,2019,142
GAMBLING,2020,25
GAMBLING,2021,13
GAMBLING,2022,9
GAMBLING,2023,15
GAMBLING,2024,22
GAMBLING,2025,13
GAMBLING,2026,13
HOMICIDE,2001,667
HOMICIDE,2002,658
HOMICIDE,2003,604
HOMICIDE,2004,455
HOMICIDE,2005,453
HOMICIDE,2006,478
HOMICIDE,2007,448
HOMICIDE,2008,513
HOMICIDE,2009,461
HOMICIDE,2010,438
HOMICIDE,2011,438
HOMICIDE,2012,515
HOMICIDE,2013,431
HOMICIDE,2014,429
HOMICIDE,2015,502
HOMICIDE,2016,790
HOMICIDE,2017,676
HOMICIDE,2018,600
HOMICIDE,2019,509
HOMICIDE,2020,797
HOMICIDE,2021,813
HOMICIDE,2022,738
HOMICIDE,2023,638
HOMICIDE,2024,597
HOMICIDE,2025,440
HOMICIDE,2026,318
HUMAN TRAFFICKING,2001,1
HUMAN TRAFFICKING,2002,1
HUMAN TRAFFICKING,2003,1
HUMAN TRAFFICKING,2005,1
HUMAN TRAFFICKING,2006,1
HUMAN TRAFFICKING,2008,1
HUMAN TRAFFICKING,2009,1
HUMAN TRAFFICKING,2010,1
HUMAN TRAFFICKING,2011,1
HUMAN TRAFFICKING,2013,2
HUMAN TRAFFICKING,2014,3
HUMAN TRAFFICKING,2015,14
HUMAN TRAFFICKING,2016,11
HUMAN TRAFFICKING,2017,10
HUMAN TRAFFICKING,2018,13
HUMAN TRAFFICKING,2019,17
HUMAN TRAFFICKING,2020,7
HUMAN TRAFFICKING,2021,13
HUMAN TRAFFICKING,2022,16
HUMAN TRAFFICKING,2023,15
HUMAN TRAFFICKING,2024,23
HUMAN TRAFFICKING,2025,18
HUMAN TRAFFICKING,2026,25
INTERFERENCE WITH PUBLIC OFFICER,2001,406
INTERFERENCE WITH PUBLIC OFFICER,2002,361
INTERFERENCE WITH PUBLIC OFFICER,2003,410
INTERFERENCE WITH PUBLIC OFFICER,2004,531
INTERFERENCE WITH PUBLIC OFFICER,2005,615
INTERFERENCE WITH PUBLIC OFFICER,2006,758
INTERFERENCE WITH PUBLIC OFFICER,2007,677
INTERFERENCE WITH PUBLIC OFFICER,2008,580
INTERFERENCE WITH PUBLIC OFFICER,2009,573
INTERFERENCE WITH PUBLIC OFFICER,2010,797
INTERFERENCE WITH PUBLIC OFFICER,2011,1047
INTERFERENCE WITH PUBLIC OFFICER,2012,1228
INTERFERENCE WITH PUBLIC OFFICER,2013,1281
INTERFERENCE WITH PUBLIC OFFICER,2014,1399
INTERFERENCE WITH PUBLIC OFFICER,2015,1308
INTERFERENCE WITH PUBLIC OFFICER,2016,936
INTERFERENCE WITH PUBLIC OFFICER,2017,1087
INTERFERENCE WITH PUBLIC OFFICER,2018,1307
INTERFERENCE WITH PUBLIC OFFICER,2019,1546
INTERFERENCE WITH PUBLIC OFFICER,2020,654
INTERFERENCE WITH PUBLIC OFFICER,2021,314
INTERFERENCE WITH PUBLIC OFFICER,2022,392
INTERFERENCE WITH PUBLIC OFFICER,2023,586
INTERFERENCE WITH PUBLIC OFFICER,2024,691
INTERFERENCE WITH PUBLIC OFFICER,2025,916
INTERFERENCE WITH PUBLIC OFFICER,2026,748
INTIMIDATION,2001,280
INTIMIDATION,2002,337
INTIMIDATION,2003,364
INTIMIDATION,2004,349
INTIMIDATION,2005,258
INTIMIDATION,2006,276
INTIMIDATION,2007,255
INTIMIDATION,2008,261
INTIMIDATION,2009,231
INTIMIDATION,2010,198
INTIMIDATION,2011,171
INTIMIDATION,2012,156
INTIMIDATION,2013,135
INTIMIDATION,2014,115
INTIMIDATION,2015,123
INTIMIDATION,2016,136
INTIMIDATION,2017,150
INTIMIDATION,2018,169
INTIMIDATION,2019,163
INTIMIDATION,2020,163
INTIMIDATION,2021,124
INTIMIDATION,2022,185
INTIMIDATION,2023,237
INTIMIDATION,2024,164
INTIMIDATION,2025,145
INTIMIDATION,2026,180
KIDNAPPING,2001,933
KIDNAPPING,2002,829
KIDNAPPING,2003,705
KIDNAPPING,2004,482
KIDNAPPING,2005,389
KIDNAPPING,2006,339
KIDNAPPING,2007,329
KIDNAPPING,2008,359
KIDNAPPING,2009,293
KIDNAPPING,2010,314
KIDNAPPING,2011,266
KIDNAPPING,2012,235
KIDNAPPING,2013,242
KIDNAPPING,2014,220
KIDNAPPING,2015,190
KIDNAPPING,2016,202
KIDNAPPING,2017,190
KIDNAPPING,2018,172
KIDNAPPING,2019,173
KIDNAPPING,2020,120
KIDNAPPING,2021,88
KIDNAPPING,2022,120
KIDNAPPING,2023,139
KIDNAPPING,2024,97
KIDNAPPING,2025,90
KIDNAPPING,2026,82
LIQUOR LAW VIOLATION,2001,1637
LIQUOR LAW VIOLATION,2002,1414
LIQUOR LAW VIOLATION,2003,1311
LIQUOR LAW VIOLATION,2004,985
LIQUOR LAW VIOLATION,2005,1005
LIQUOR LAW VIOLATION,2006,1135
LIQUOR LAW VIOLATION,2007,1170
LIQUOR LAW VIOLATION,2008,912
LIQUOR LAW VIOLATION,2009,746
LIQUOR LAW VIOLATION,2010,737
LIQUOR LAW VIOLATION,2011,619
LIQUOR LAW VIOLATION,2012,573
LIQUOR LAW VIOLATION,2013,465
LIQUOR LAW VIOLATION,2014,397
LIQUOR LAW VIOLATION,2015,292
LIQUOR LAW VIOLATION,2016,227
LIQUOR LAW VIOLATION,2017,191
LIQUOR LAW VIOLATION,2018,268
LIQUOR LAW VIOLATION,2019,232
LIQUOR LAW VIOLATION,2020,143
LIQUOR LAW VIOLATION,2021,184
LIQUOR LAW VIOLATION,2022,204
LIQUOR LAW VIOLATION,2023,186
LIQUOR LAW VIOLATION,2024,196
LIQUOR LAW VIOLATION,2025,200
LIQUOR LAW VIOLATION,2026,160
MOTOR VEHICLE THEFT,2001,27557
MOTOR VEHICLE THEFT,2002,25121
MOTOR VEHICLE THEFT,2003,22749
MOTOR VEHICLE THEFT,2004,22805
MOTOR VEHICLE THEFT,2005,22497
MOTOR VEHICLE THEFT,2006,21819
MOTOR VEHICLE THEFT,2007,18573
MOTOR VEHICLE THEFT,2008,18881
MOTOR VEHICLE THEFT,2009,15482
MOTOR VEHICLE THEFT,2010,19029
MOTOR VEHICLE THEFT,2011,19388
MOTOR VEHICLE THEFT,2012,16490
MOTOR VEHICLE THEFT,2013,12582
MOTOR VEHICLE THEFT,2014,9911
MOTOR VEHICLE THEFT,2015,10068
MOTOR VEHICLE THEFT,2016,11285
MOTOR VEHICLE THEFT,2017,11380
MOTOR VEHICLE THEFT,2018,9985
MOTOR VEHICLE THEFT,2019,8979
MOTOR VEHICLE THEFT,2020,9962
MOTOR VEHICLE THEFT,2021,10605
MOTOR VEHICLE THEFT,2022,21476
MOTOR VEHICLE THEFT,2023,29256
MOTOR VEHICLE THEFT,2024,21712
MOTOR VEHICLE THEFT,2025,17258
MOTOR VEHICLE THEFT,2026,13268
NARCOTICS,2001,50568
NARCOTICS,2002,51789
NARCOTICS,2003,54288
NARCOTICS,2004,57060
NARCOTICS,2005,56234
NARCOTICS,2006,55813
NARCOTICS,2007,54454
NARCOTICS,2008,46506
NARCOTICS,2009,43543
NARCOTICS,2010,43398
NARCOTICS,2011,38604
NARCOTICS,2012,35489
NARCOTICS,2013,34129
NARCOTICS,2014,29118
NARCOTICS,2015,23939
NARCOTICS,2016,13333
NARCOTICS,2017,11683
NARCOTICS,2018,13593
NARCOTICS,2019,15080
NARCOTICS,2020,7493
NARCOTICS,2021,5420
NARCOTICS,2022,4757
NARCOTICS,2023,5455
NARCOTICS,2024,5998
NARCOTICS,2025,7419
NARCOTICS,2026,4723
NON-CRIMINAL,2015,1
NON-CRIMINAL,2016,1
NON-CRIMINAL,2017,1
NON-CRIMINAL,2018,1
NON-CRIMINAL,2019,3
NON-CRIMINAL,2020,1
NON-CRIMINAL,2021,4
NON-CRIMINAL,2022,5
NON-CRIMINAL,2023,3
NON-CRIMINAL,2024,3
NON-CRIMINAL,2025,3
NON-CRIMINAL,2026,4
OBSCENITY,2001,19
OBSCENITY,2002,26
OBSCENITY,2003,16
OBSCENITY,2004,13
OBSCENITY,2005,19
OBSCENITY,2006,17
OBSCENITY,2007,12
OBSCENITY,2008,13
OBSCENITY,2009,21
OBSCENITY,2010,34
OBSCENITY,2011,40
OBSCENITY,2012,26
OBSCENITY,2013,25
OBSCENITY,2014,39
OBSCENITY,2015,49
OBSCENITY,2016,51
OBSCENITY,2017,87
OBSCENITY,2018,86
OBSCENITY,2019,59
OBSCENITY,2020,58
OBSCENITY,2021,52
OBSCENITY,2022,51
OBSCENITY,2023,43
OBSCENITY,2024,62
OBSCENITY,2025,54
OBSCENITY,2026,41
OFFENSE INVOLVING CHILDREN,2001,2268
OFFENSE INVOLVING CHILDREN,2002,2600
OFFENSE INVOLVING CHILDREN,2003,3050
OFFENSE INVOLVING CHILDREN,2004,3109
OFFENSE INVOLVING CHILDREN,2005,2915
OFFENSE INVOLVING CHILDREN,2006,2792
OFFENSE INVOLVING CHILDREN,2007,2927
OFFENSE INVOLVING CHILDREN,2008,2677
OFFENSE INVOLVING CHILDREN,2009,2641
OFFENSE INVOLVING CHILDREN,2010,2654
OFFENSE INVOLVING CHILDREN,2011,2459
OFFENSE INVOLVING CHILDREN,2012,2364
OFFENSE INVOLVING CHILDREN,2013,2537
OFFENSE INVOLVING CHILDREN,2014,2579
OFFENSE INVOLVING CHILDREN,2015,2539
OFFENSE INVOLVING CHILDREN,2016,2539
OFFENSE INVOLVING CHILDREN,2017,2483
OFFENSE INVOLVING CHILDREN,2018,2506
OFFENSE INVOLVING CHILDREN,2019,2521
OFFENSE INVOLVING CHILDREN,2020,2120
OFFENSE INVOLVING CHILDREN,2021,2058
OFFENSE INVOLVING CHILDREN,2022,2025
OFFENSE INVOLVING CHILDREN,2023,1851
OFFENSE INVOLVING CHILDREN,2024,1752
OFFENSE INVOLVING CHILDREN,2025,1619
OFFENSE INVOLVING CHILDREN,2026,1161
OTHER NARCOTIC VIOLATION,2001,6
OTHER NARCOTIC VIOLATION,2002,5
OTHER NARCOTIC VIOLATION,2003,2
OTHER NARCOTIC VIOLATION,2004,9
OTHER NARCOTIC VIOLATION,2005,9
OTHER NARCOTIC VIOLATION,2006,9
OTHER NARCOTIC VIOLATION,2007,12
OTHER NARCOTIC VIOLATION,2008,12
OTHER NARCOTIC VIOLATION,2009,7
OTHER NARCOTIC VIOLATION,2010,6
OTHER NARCOTIC VIOLATION,2011,5
OTHER NARCOTIC VIOLATION,2012,6
OTHER NARCOTIC VIOLATION,2013,5
OTHER NARCOTIC VIOLATION,2014,10
OTHER NARCOTIC VIOLATION,2015,5
OTHER NARCOTIC VIOLATION,2016,4
OTHER NARCOTIC VIOLATION,2017,11
OTHER NARCOTIC VIOLATION,2018,1
OTHER NARCOTIC VIOLATION,2019,8
OTHER NARCOTIC VIOLATION,2020,6
OTHER NARCOTIC VIOLATION,2021,2
OTHER NARCOTIC VIOLATION,2022,7
OTHER NARCOTIC VIOLATION,2023,2
OTHER NARCOTIC VIOLATION,2024,5
OTHER NARCOTIC VIOLATION,2025,10
OTHER NARCOTIC VIOLATION,2026,5
OTHER OFFENSE,2001,29671
OTHER OFFENSE,2002,32603
OTHER OFFENSE,2003,31149
OTHER OFFENSE,2004,29533
OTHER OFFENSE,2005,28028
OTHER OFFENSE,2006,27101
OTHER OFFENSE,2007,26863
OTHER OFFENSE,2008,26532
OTHER OFFENSE,2009,25601
OTHER OFFENSE,2010,22012
OTHER OFFENSE,2011,20207
OTHER OFFENSE,2012,17524
OTHER OFFENSE,2013,18051
OTHER OFFENSE,2014,17022
OTHER OFFENSE,2015,17566
OTHER OFFENSE,2016,17309
OTHER OFFENSE,2017,17273
OTHER OFFENSE,2018,17275
OTHER OFFENSE,2019,16813
OTHER OFFENSE,2020,12627
OTHER OFFENSE,2021,13973
OTHER OFFENSE,2022,14639
OTHER OFFENSE,2023,15747
OTHER OFFENSE,2024,17169
OTHER OFFENSE,2025,16854
OTHER OFFENSE,2026,11271
PROSTITUTION,2001,6026
PROSTITUTION,2002,6408
PROSTITUTION,2003,6214
PROSTITUTION,2004,7476
PROSTITUTION,2005,6124
PROSTITUTION,2006,7034
PROSTITUTION,2007,6087
PROSTITUTION,2008,5141
PROSTITUTION,2009,3940
PROSTITUTION,2010,2484
PROSTITUTION,2011,2424
PROSTITUTION,2012,2204
PROSTITUTION,2013,1652
PROSTITUTION,2014,1625
PROSTITUTION,2015,1322
PROSTITUTION,2016,800
PROSTITUTION,2017,735
PROSTITUTION,2018,718
PROSTITUTION,2019,681
PROSTITUTION,2020,278
PROSTITUTION,2021,95
PROSTITUTION,2022,283
PROSTITUTION,2023,209
PROSTITUTION,2024,308
PROSTITUTION,2025,189
PROSTITUTION,2026,105
PUBLIC INDECENCY,2001,9
PUBLIC INDECENCY,2002,8
PUBLIC INDECENCY,2003,6
PUBLIC INDECENCY,2004,9
PUBLIC INDECENCY,2005,4
PUBLIC INDECENCY,2006,4
PUBLIC INDECENCY,2007,5
PUBLIC INDECENCY,2008,4
PUBLIC INDECENCY,2009,10
PUBLIC INDECENCY,2010,7
PUBLIC INDECENCY,2011,13
PUBLIC INDECENCY,2012,17
PUBLIC INDECENCY,2013,10
PUBLIC INDECENCY,2014,10
PUBLIC INDECENCY,2015,14
PUBLIC INDECENCY,2016,10
PUBLIC INDECENCY,2017,10
PUBLIC INDECENCY,2018,14
PUBLIC INDECENCY,2019,11
PUBLIC INDECENCY,2020,9
PUBLIC INDECENCY,2021,4
PUBLIC INDECENCY,2022,5
PUBLIC INDECENCY,2023,6
PUBLIC INDECENCY,2024,9
PUBLIC INDECENCY,2025,10
PUBLIC INDECENCY,2026,18
PUBLIC PEACE VIOLATION,2001,2750
PUBLIC PEACE VIOLATION,2002,2457
PUBLIC PEACE VIOLATION,2003,2430
PUBLIC PEACE VIOLATION,2004,2495
PUBLIC PEACE VIOLATION,2005,2730
PUBLIC PEACE VIOLATION,2006,3068
PUBLIC PEACE VIOLATION,2007,3315
PUBLIC PEACE VIOLATION,2008,3013
PUBLIC PEACE VIOLATION,2009,3147
PUBLIC PEACE VIOLATION,2010,3538
PUBLIC PEACE VIOLATION,2011,3095
PUBLIC PEACE VIOLATION,2012,3007
PUBLIC PEACE VIOLATION,2013,3135
PUBLIC PEACE VIOLATION,2014,2903
PUBLIC PEACE VIOLATION,2015,2422
PUBLIC PEACE VIOLATION,2016,1607
PUBLIC PEACE VIOLATION,2017,1498
PUBLIC PEACE VIOLATION,2018,1372
PUBLIC PEACE VIOLATION,2019,1522
PUBLIC PEACE VIOLATION,2020,1272
PUBLIC PEACE VIOLATION,2021,603
PUBLIC PEACE VIOLATION,2022,712
PUBLIC PEACE VIOLATION,2023,862
PUBLIC PEACE VIOLATION,2024,979
PUBLIC PEACE VIOLATION,2025,1059
PUBLIC PEACE VIOLATION,2026,979
RITUALISM,2001,8
RITUALISM,2002,2
RITUALISM,2003,2
RITUALISM,2004,1
RITUALISM,2005,2
RITUALISM,2006,7
RITUALISM,2007,1
RITUALISM,2020,1
ROBBERY,2001,18441
ROBBERY,2002,18523
ROBBERY,2003,17332
ROBBERY,2004,15978
ROBBERY,2005,16047
ROBBERY,2006,15969
ROBBERY,2007,15450
ROBBERY,2008,16703
ROBBERY,2009,15981
ROBBERY,2010,14275
ROBBERY,2011,13983
ROBBERY,2012,13484
ROBBERY,2013,11819
ROBBERY,2014,9800
ROBBERY,2015,9638
ROBBERY,2016,11960
ROBBERY,2017,11881
ROBBERY,2018,9681
ROBBERY,2019,7997
ROBBERY,2020,7860
ROBBERY,2021,7923
ROBBERY,2022,8971
ROBBERY,2023,11059
ROBBERY,2024,9120
ROBBERY,2025,5817
ROBBERY,2026,3448
SEX OFFENSE,2001,2240
SEX OFFENSE,2002,2173
SEX OFFENSE,2003,2082
SEX OFFENSE,2004,1805
SEX OFFENSE,2005,1822
SEX OFFENSE,2006,1577
SEX OFFENSE,2007,1533
SEX OFFENSE,2008,1505
SEX OFFENSE,2009,1268
SEX OFFENSE,2010,1147
SEX OFFENSE,2011,1104
SEX OFFENSE,2012,1094
SEX OFFENSE,2013,1066
SEX OFFENSE,2014,1032
SEX OFFENSE,2015,1064
SEX OFFENSE,2016,1075
SEX OFFENSE,2017,1081
SEX OFFENSE,2018,1281
SEX OFFENSE,2019,1405
SEX OFFENSE,2020,1031
SEX OFFENSE,2021,1149
SEX OFFENSE,2022,1291
SEX OFFENSE,2023,1422
SEX OFFENSE,2024,1307
SEX OFFENSE,2025,1392
SEX OFFENSE,2026,1051
STALKING,2001,204
STALKING,2002,200
STALKING,2003,247
STALKING,2004,215
STALKING,2005,192
STALKING,2006,186
STALKING,2007,213
STALKING,2008,190
STALKING,2009,168
STALKING,2010,189
STALKING,2011,182
STALKING,2012,207
STALKING,2013,154
STALKING,2014,142
STALKING,2015,155
STALKING,2016,176
STALKING,2017,192
STALKING,2018,208
STALKING,2019,228
STALKING,2020,205
STALKING,2021,370
STALKING,2022,455
STALKING,2023,534
STALKING,2024,519
STALKING,2025,579
STALKING,2026,458
THEFT,2001,99292
THEFT,2002,98335
THEFT,2003,98876
THEFT,2004,95464
THEFT,2005,85684
THEFT,2006,86243
THEFT,2007,85156
THEFT,2008,88437
THEFT,2009,80977
THEFT,2010,76758
THEFT,2011,75153
THEFT,2012,75464
THEFT,2013,71536
THEFT,2014,61569
THEFT,2015,57355
THEFT,2016,61630
THEFT,2017,64388
THEFT,2018,65293
THEFT,2019,62505
THEFT,2020,41366
THEFT,2021,40830
THEFT,2022,54905
THEFT,2023,57527
THEFT,2024,60559
THEFT,2025,55198
THEFT,2026,36239
WEAPONS VIOLATION,2001,4278
WEAPONS VIOLATION,2002,4282
WEAPONS VIOLATION,2003,4211
WEAPONS VIOLATION,2004,4298
WEAPONS VIOLATION,2005,4106
WEAPONS VIOLATION,2006,3821
WEAPONS VIOLATION,2007,3554
WEAPONS VIOLATION,2008,3877
WEAPONS VIOLATION,2009,4159
WEAPONS VIOLATION,2010,3704
WEAPONS VIOLATION,2011,3880
WEAPONS VIOLATION,2012,3907
WEAPONS VIOLATION,2013,3245
WEAPONS VIOLATION,2014,3113
WEAPONS VIOLATION,2015,3364
WEAPONS VIOLATION,2016,3450
WEAPONS VIOLATION,2017,4686
WEAPONS VIOLATION,2018,5456
WEAPONS VIOLATION,2019,6339
WEAPONS VIOLATION,2020,8434
WEAPONS VIOLATION,2021,8979
WEAPONS VIOLATION,2022,8781
WEAPONS VIOLATION,2023,8609
WEAPONS VIOLATION,2024,7841
WEAPONS VIOLATION,2025,5445
WEAPONS VIOLATION,2026,3770
